path,true,pred,proba_ADHD,proba_Alzheimers,proba_Clear,proba_Depression,proba_HighStress,proba_PTSD,proba_Parkinsons
/mnt/data/hv_synth_v4/PTSD/PTSD_033.csv,PTSD,PTSD,0.005,0.02,0.0033333333333333335,0.0,0.09333333333333334,0.8333333333333334,0.045
/mnt/data/hv_synth_v4/Clear/Clear_039.csv,Clear,Clear,0.0,0.0,0.9866666666666667,0.0,0.0016666666666666668,0.008333333333333333,0.0033333333333333335
/mnt/data/hv_synth_v4/Clear/Clear_048.csv,Clear,Clear,0.0,0.0,0.9983333333333333,0.0,0.0,0.0016666666666666668,0.0
/mnt/data/hv_synth_v4/HighStress/HighStress_017.csv,HighStress,HighStress,0.008333333333333333,0.008333333333333333,0.0,0.0,0.84,0.13666666666666666,0.006666666666666667
/mnt/data/hv_synth_v4/ADHD/ADHD_043.csv,ADHD,ADHD,0.955,0.01,0.0033333333333333335,0.021666666666666667,0.006666666666666667,0.0033333333333333335,0.0
/mnt/data/hv_synth_v4/Parkinsons/Parkinsons_002.csv,Parkinsons,Parkinsons,0.005,0.01,0.0,0.0,0.0016666666666666668,0.05,0.9333333333333333
/mnt/data/hv_synth_v4/Clear/Clear_033.csv,Clear,Clear,0.0,0.0,0.9983333333333333,0.0,0.0,0.0016666666666666668,0.0
/mnt/data/hv_synth_v4/ADHD/ADHD_023.csv,ADHD,ADHD,0.8616666666666667,0.013333333333333334,0.0033333333333333335,0.058333333333333334,0.04,0.015,0.008333333333333333
/mnt/data/hv_synth_v4/ADHD/ADHD_050.csv,ADHD,ADHD,0.9183333333333333,0.008333333333333333,0.0016666666666666668,0.051666666666666666,0.013333333333333334,0.005,0.0016666666666666668
/mnt/data/hv_synth_v4/HighStress/HighStress_050.csv,HighStress,HighStress,0.0033333333333333335,0.005,0.0,0.0,0.925,0.06,0.006666666666666667
/mnt/data/hv_synth_v4/Clear/Clear_008.csv,Clear,Clear,0.0033333333333333335,0.0033333333333333335,0.9733333333333334,0.0,0.0016666666666666668,0.016666666666666666,0.0016666666666666668
/mnt/data/hv_synth_v4/ADHD/ADHD_021.csv,ADHD,ADHD,0.9683333333333334,0.0,0.0,0.013333333333333334,0.006666666666666667,0.01,0.0016666666666666668
/mnt/data/hv_synth_v4/HighStress/HighStress_003.csv,HighStress,HighStress,0.0,0.005,0.0,0.0,0.915,0.07833333333333334,0.0016666666666666668
/mnt/data/hv_synth_v4/Clear/Clear_017.csv,Clear,Clear,0.0016666666666666668,0.0,0.9966666666666667,0.0,0.0,0.0016666666666666668,0.0
/mnt/data/hv_synth_v4/Depression/Depression_007.csv,Depression,Depression,0.021666666666666667,0.0,0.0,0.9733333333333334,0.0016666666666666668,0.0033333333333333335,0.0
/mnt/data/hv_synth_v4/Parkinsons/Parkinsons_016.csv,Parkinsons,Parkinsons,0.0033333333333333335,0.006666666666666667,0.0016666666666666668,0.0,0.03333333333333333,0.023333333333333334,0.9316666666666666
/mnt/data/hv_synth_v4/PTSD/PTSD_048.csv,PTSD,PTSD,0.0,0.021666666666666667,0.0,0.0033333333333333335,0.24166666666666667,0.72,0.013333333333333334
/mnt/data/hv_synth_v4/Clear/Clear_042.csv,Clear,Clear,0.0,0.0016666666666666668,0.9916666666666667,0.0,0.0,0.005,0.0016666666666666668
/mnt/data/hv_synth_v4/ADHD/ADHD_039.csv,ADHD,ADHD,0.9366666666666666,0.006666666666666667,0.0033333333333333335,0.03666666666666667,0.008333333333333333,0.005,0.0033333333333333335
/mnt/data/hv_synth_v4/Alzheimers/Alzheimers_035.csv,Alzheimers,Alzheimers,0.0033333333333333335,0.9466666666666667,0.0,0.0,0.018333333333333333,0.016666666666666666,0.015
/mnt/data/hv_synth_v4/PTSD/PTSD_011.csv,PTSD,PTSD,0.0016666666666666668,0.028333333333333332,0.0016666666666666668,0.018333333333333333,0.12,0.83,0.0
/mnt/data/hv_synth_v4/Parkinsons/Parkinsons_041.csv,Parkinsons,Parkinsons,0.0016666666666666668,0.0,0.0033333333333333335,0.0,0.021666666666666667,0.085,0.8883333333333333
/mnt/data/hv_synth_v4/PTSD/PTSD_025.csv,PTSD,PTSD,0.0,0.013333333333333334,0.0016666666666666668,0.0,0.056666666666666664,0.8933333333333333,0.035
/mnt/data/hv_synth_v4/HighStress/HighStress_037.csv,HighStress,Depression,0.09,0.021666666666666667,0.0,0.585,0.27666666666666667,0.02666666666666667,0.0
/mnt/data/hv_synth_v4/Clear/Clear_041.csv,Clear,Clear,0.0,0.0,0.9966666666666667,0.0,0.0,0.0033333333333333335,0.0
/mnt/data/hv_synth_v4/Depression/Depression_015.csv,Depression,Depression,0.07833333333333334,0.005,0.0,0.9066666666666666,0.006666666666666667,0.0033333333333333335,0.0
/mnt/data/hv_synth_v4/PTSD/PTSD_028.csv,PTSD,PTSD,0.0,0.011666666666666667,0.0,0.0,0.2683333333333333,0.7166666666666667,0.0033333333333333335
/mnt/data/hv_synth_v4/HighStress/HighStress_023.csv,HighStress,HighStress,0.005,0.021666666666666667,0.0033333333333333335,0.0016666666666666668,0.7116666666666667,0.23,0.02666666666666667
/mnt/data/hv_synth_v4/Alzheimers/Alzheimers_044.csv,Alzheimers,Alzheimers,0.0,0.9916666666666667,0.0,0.0016666666666666668,0.0033333333333333335,0.0016666666666666668,0.0016666666666666668
/mnt/data/hv_synth_v4/Alzheimers/Alzheimers_020.csv,Alzheimers,Alzheimers,0.0016666666666666668,0.9583333333333334,0.0,0.0033333333333333335,0.016666666666666666,0.015,0.005
/mnt/data/hv_synth_v4/ADHD/ADHD_029.csv,ADHD,ADHD,0.9116666666666666,0.02666666666666667,0.0,0.023333333333333334,0.02,0.015,0.0033333333333333335
/mnt/data/hv_synth_v4/Alzheimers/Alzheimers_007.csv,Alzheimers,Alzheimers,0.0033333333333333335,0.92,0.0016666666666666668,0.0,0.02666666666666667,0.035,0.013333333333333334
/mnt/data/hv_synth_v4/Alzheimers/Alzheimers_002.csv,Alzheimers,Alzheimers,0.005,0.8866666666666667,0.0033333333333333335,0.01,0.035,0.03166666666666667,0.028333333333333332
/mnt/data/hv_synth_v4/PTSD/PTSD_039.csv,PTSD,PTSD,0.0,0.021666666666666667,0.005,0.0033333333333333335,0.11333333333333333,0.8516666666666667,0.005
/mnt/data/hv_synth_v4/Parkinsons/Parkinsons_033.csv,Parkinsons,Parkinsons,0.0,0.008333333333333333,0.0033333333333333335,0.0,0.0016666666666666668,0.04833333333333333,0.9383333333333334
/mnt/data/hv_synth_v4/Depression/Depression_032.csv,Depression,Depression,0.03166666666666667,0.0,0.0,0.9633333333333334,0.0033333333333333335,0.0016666666666666668,0.0
/mnt/data/hv_synth_v4/Depression/Depression_013.csv,Depression,Depression,0.045,0.0,0.0,0.945,0.008333333333333333,0.0016666666666666668,0.0
/mnt/data/hv_synth_v4/Depression/Depression_036.csv,Depression,Depression,0.008333333333333333,0.0,0.0,0.99,0.0016666666666666668,0.0,0.0
/mnt/data/hv_synth_v4/Alzheimers/Alzheimers_014.csv,Alzheimers,Alzheimers,0.0,0.9866666666666667,0.0,0.0,0.005,0.0033333333333333335,0.005
/mnt/data/hv_synth_v4/HighStress/HighStress_048.csv,HighStress,HighStress,0.056666666666666664,0.03833333333333333,0.008333333333333333,0.0016666666666666668,0.5716666666666667,0.23,0.09333333333333334
/mnt/data/hv_synth_v4/Alzheimers/Alzheimers_028.csv,Alzheimers,Alzheimers,0.0016666666666666668,0.9416666666666667,0.0,0.0,0.021666666666666667,0.025,0.01
/mnt/data/hv_synth_v4/Clear/Clear_028.csv,Clear,Clear,0.0,0.0,0.9983333333333333,0.0,0.0,0.0016666666666666668,0.0
/mnt/data/hv_synth_v4/Depression/Depression_028.csv,Depression,Depression,0.013333333333333334,0.008333333333333333,0.0,0.9666666666666667,0.008333333333333333,0.0033333333333333335,0.0
/mnt/data/hv_synth_v4/HighStress/HighStress_028.csv,HighStress,HighStress,0.02,0.015,0.005,0.011666666666666667,0.83,0.09833333333333333,0.02
/mnt/data/hv_synth_v4/ADHD/ADHD_008.csv,ADHD,ADHD,0.98,0.0016666666666666668,0.0,0.013333333333333334,0.0,0.0033333333333333335,0.0016666666666666668
/mnt/data/hv_synth_v4/Depression/Depression_029.csv,Depression,Depression,0.05,0.0,0.0,0.93,0.008333333333333333,0.008333333333333333,0.0033333333333333335
/mnt/data/hv_synth_v4/Depression/Depression_022.csv,Depression,Depression,0.07166666666666667,0.0033333333333333335,0.0,0.915,0.01,0.0,0.0
/mnt/data/hv_synth_v4/Clear/Clear_005.csv,Clear,Clear,0.006666666666666667,0.0,0.9733333333333334,0.0,0.0016666666666666668,0.008333333333333333,0.01
/mnt/data/hv_synth_v4/PTSD/PTSD_018.csv,PTSD,PTSD,0.015,0.03666666666666667,0.011666666666666667,0.0016666666666666668,0.24833333333333332,0.6216666666666667,0.065
/mnt/data/hv_synth_v4/PTSD/PTSD_041.csv,PTSD,PTSD,0.01,0.06166666666666667,0.011666666666666667,0.0033333333333333335,0.11333333333333333,0.7583333333333333,0.041666666666666664
/mnt/data/hv_synth_v4/Parkinsons/Parkinsons_045.csv,Parkinsons,Parkinsons,0.0033333333333333335,0.006666666666666667,0.005,0.0,0.01,0.085,0.89
/mnt/data/hv_synth_v4/ADHD/ADHD_011.csv,ADHD,ADHD,0.8266666666666667,0.04833333333333333,0.0033333333333333335,0.04833333333333333,0.03833333333333333,0.021666666666666667,0.013333333333333334
/mnt/data/hv_synth_v4/Parkinsons/Parkinsons_004.csv,Parkinsons,Parkinsons,0.0016666666666666668,0.005,0.0,0.0016666666666666668,0.0016666666666666668,0.065,0.925
/mnt/data/hv_synth_v4/HighStress/HighStress_032.csv,HighStress,HighStress,0.0,0.023333333333333334,0.0,0.041666666666666664,0.7716666666666666,0.16166666666666665,0.0016666666666666668
/mnt/data/hv_synth_v4/ADHD/ADHD_015.csv,ADHD,ADHD,0.9466666666666667,0.023333333333333334,0.0,0.018333333333333333,0.01,0.0016666666666666668,0.0
/mnt/data/hv_synth_v4/PTSD/PTSD_040.csv,PTSD,PTSD,0.0033333333333333335,0.015,0.006666666666666667,0.0033333333333333335,0.085,0.855,0.03166666666666667
/mnt/data/hv_synth_v4/Alzheimers/Alzheimers_009.csv,Alzheimers,Alzheimers,0.0,0.9383333333333334,0.0,0.0,0.008333333333333333,0.04,0.013333333333333334
/mnt/data/hv_synth_v4/Clear/Clear_035.csv,Clear,Clear,0.0033333333333333335,0.0016666666666666668,0.9666666666666667,0.0,0.005,0.01,0.013333333333333334
/mnt/data/hv_synth_v4/HighStress/HighStress_002.csv,HighStress,PTSD,0.0016666666666666668,0.06666666666666667,0.0,0.028333333333333332,0.4066666666666667,0.4766666666666667,0.02
/mnt/data/hv_synth_v4/Alzheimers/Alzheimers_008.csv,Alzheimers,Alzheimers,0.0016666666666666668,0.9366666666666666,0.005,0.0,0.005,0.03166666666666667,0.02
/mnt/data/hv_synth_v4/HighStress/HighStress_046.csv,HighStress,HighStress,0.0016666666666666668,0.013333333333333334,0.0,0.006666666666666667,0.9033333333333333,0.075,0.0
/mnt/data/hv_synth_v4/ADHD/ADHD_019.csv,ADHD,ADHD,0.9683333333333334,0.011666666666666667,0.0,0.016666666666666666,0.0,0.0033333333333333335,0.0
/mnt/data/hv_synth_v4/Parkinsons/Parkinsons_014.csv,Parkinsons,Parkinsons,0.0033333333333333335,0.013333333333333334,0.0,0.006666666666666667,0.125,0.03333333333333333,0.8183333333333334
/mnt/data/hv_synth_v4/Parkinsons/Parkinsons_036.csv,Parkinsons,Parkinsons,0.005,0.008333333333333333,0.0033333333333333335,0.0,0.018333333333333333,0.13833333333333334,0.8266666666666667
/mnt/data/hv_synth_v4/Parkinsons/Parkinsons_035.csv,Parkinsons,Parkinsons,0.0,0.0016666666666666668,0.0,0.0,0.0,0.02,0.9783333333333334
/mnt/data/hv_synth_v4/Depression/Depression_043.csv,Depression,Depression,0.08833333333333333,0.0,0.0,0.905,0.0016666666666666668,0.005,0.0
/mnt/data/hv_synth_v4/PTSD/PTSD_001.csv,PTSD,PTSD,0.02,0.028333333333333332,0.03833333333333333,0.0,0.011666666666666667,0.7466666666666667,0.155
/mnt/data/hv_synth_v4/Parkinsons/Parkinsons_021.csv,Parkinsons,Parkinsons,0.0,0.0033333333333333335,0.0016666666666666668,0.0,0.006666666666666667,0.07333333333333333,0.915
/mnt/data/hv_synth_v4/Alzheimers/Alzheimers_026.csv,Alzheimers,Alzheimers,0.09333333333333334,0.8316666666666667,0.0,0.051666666666666666,0.013333333333333334,0.0016666666666666668,0.008333333333333333
/mnt/data/hv_synth_v4/Depression/Depression_002.csv,Depression,Depression,0.016666666666666666,0.0,0.0,0.98,0.0033333333333333335,0.0,0.0
